[
    {
        "type": "admin",
        "title": "Admin Help Guide",
        "description": "Because even those that make this bot forget how it works",
        "fields": [
            {
                "title": "->sudo add role [user] [role]",
                "description": "Add role to user"
            },
            {
                "title": "->sudo inrole [roles]",
                "description": "Lists users in the provided roles"
            },
            {
                "title": "->sudo rm role [user] [role]",
                "description": "Remove role from user"
            },
            {
                "title": "->sudo award [user] [amount]",
                "description": "Add tomatoes to a user"
            },
            {
                "title": "->sudo add vials [user] [amount]",
                "description": "Add vials to a user"
            },
            {
                "title": "->sudo add lemons [user] [amount]",
                "description": "Add lemons to a user"
            },
            {
                "title": "->sudo add card [user] [card]",
                "description": "Add a card to a user"
            },
            {
                "title": "->sudo remove card [user] [card]",
                "description": "Remove a card from a user"
            },
            {
                "title": "->sudo stress [amount]",
                "description": "Spams test messages according to amount"
            },
            {
                "title": "->sudo guild lock [collection]",
                "description": "Add a cost-free lock to a guild"
            },
            {
                "title": "->sudo guild unlock [collection]",
                "description": "Remove a cost-free lock from a guild"
            },
            {
                "title": "->sudo daily reset [user]",
                "description": "Resets a user's daily allowing them to run daily again"
            },
            {
                "title": "->sudo guild herocheck",
                "description": "Forces a herocheck in current guild"
            },
            {
                "title": "->sudo sum [card]",
                "description": "Summons a card even if you don't own it"
            },
            {
                "title": "->sudo reset eval [card ID]",
                "description": "Forcefully empties eval data for auction eval on a specific card ID"
            },
            {
                "title": "->sudo eval info [card name]",
                "description": "Displays current eval information for specified card"
            },
            {
                "title": "->sudo eval force [card name]",
                "description": "Forces all currently waiting auction evals into the actual card eval, bypassing normal limit filters"
            },
            {
                "title": "->sudo crash",
                "description": "Sends a test error for ayano"
            },
            {
                "title": "->sudo embargo [user] [optional `lift`]",
                "description": "Embargoes a user from some bot features, if lift is anywhere in command, removes embargo instead"
            },
            {
                "title": "->sudo wip [optional message]",
                "description": "Sets bot to WIP mode, disallowing anyone besides admins/mods from running commands. Optional message will be displayed instead of default if given."
            },
            {
                "title": "->sudo announce [Title], [Body]",
                "description": "Set a new announcement message for DMing people with notify pref on, and for display in ->daily on a user's next daily. Title CANNOT have a comma, as title and body are split by comma"
            }

        ]
    },
    {
        "type": "audit",
        "title": "Audit Help Guide",
        "description": "Welcome to the Audit Zone",
        "fields": [
            {
                "title": "->fraud report 1",
                "description": "Displays a list of users with a high auction sell percentage"
            },
            {
                "title": "->fraud report 2",
                "description": "Displays a list of auctions selling for a certain amount over eval"
            },
            {
                "title": "->fraud report 3",
                "description": "Displays where a user sells a card on auction, and re-purchases that same card"
            },
            {
                "title": "->fraud report 4",
                "description": "Same as report 3, but the person has to be the same person the auction went to"
            },
            {
                "title": "->fraud report 5",
                "description": "Displays when a user purchases a card via direct sale or auction and sells the card to bot"
            },
            {
                "title": "->audit user [user_id]",
                "description": "Lists all transactions done by the user"
            },
            {
                "title": "->audit list [user_id]",
                "description": "Acts as if you are the user running list/cards. Accepts queries as well"
            },
            {
                "title": "->audit guild [guild_id]",
                "description": "Lists all transactions done in a specific guild"
            },
            {
                "title": "->audit auc [auc_id]",
                "description": "Shows detailed information on the auction, including bids, time of bids, id's of bidders etc."
            },
            {
                "title": "->audit trans [trans_id]",
                "description": "Lists more detailed information about a transaction"
            },
            {
                "title": "->audit find user [user_id]",
                "description": "Brings up a quick overview page of a user to show base profile info"
            },
            {
                "title": "->audit find obj",
                "description": "Used if you have the Mongo object ID but not the user ID (added purely to find users caught with errors)"
            },
            {
                "title": "->audit find trans [user_id] [query]",
                "description": "Search a user's transactions for a specific card/collection/etc"
            },
            {
                "title": "->audit confirm [audit_id]",
                "description": "Marks a fraud report item as audited"
            },
            {
                "title": "->audit closed",
                "description": "Lists all recent fraud report items that were marked as confirmed"
            }
        ]
    },
    {
        "type": "tagmod",
        "title": "Tagmod Help Guide",
        "description": "Welcome to the Tagmod Zone",
        "fields": [
            {
                "title": "->tag mod info #tag [card]",
                "description": "Displays info about a tag as well as the user ID of the person who created it"
            },
            {
                "title": "->tag list [starts_with]",
                "description": "Displays a list of unique tag names that are visible on cards. Starts_with will filter to only those that start with your query"
            },
            {
                "title": "->tag remove #tag [card]",
                "description": "Removes a tag from a card"
            },
            {
                "title": "->tag ban #tag [card]",
                "description": "Removes a tag from a card, and gives the user a strike on their account, as well as a PM. 3 strikes and they are out"
            },
            {
                "title": "->tag restore #tag [card]",
                "description": "Restores a tag, if the tag was banned. Removes a strike and DM's the user to let them know"
            },
            {
                "title": "->audit user tags [user_id]",
                "description": "Acts like `->tags created` but as the queried user. Lists in order of date created"
            },
            {
                "title": "Now-written edge cases",
                "description": "**Collection name** can bypass the need for underscores if it is as displayed in col info.\n**#incest may be valid**, delete it anyway\n**#meme is nox allowed**, for cards that are funny/art that is funny\n**English only**, unless a borrowed word used commonly in english\n**Card name tags**, Remove, especially if broken into multiple pieces(e.g. Gift of Senko = #gift #of #senko, gift and senko would be valid because of the art, of would not) "
            }

        ]
    }
]
