[
    {
        "id": "castle",
        "price": 150,
        "name": "Plot Castle",
        "type": "blueprint",
        "typedesc": "Blueprints are used to place buildings on your personal plots in guilds to help you gain the new currency based on the actions of other players! They all start as level 1 and are upgradable from there.",
        "desc": "The first and required building for plots",
        "fulldesc": "The castle is the protector of your lemons. Contributions are made to the castle daily even if no player has used the server. As it gets upgraded the castle allows your other buildings to store more lemon revenue before reaching their limit.",
        "levels": [
            {
                "price": 0,
                "level": 1,
                "maintenance": 10,
                "desc": "Generates 30 lemons every 24 hours, allows you to place other buildings on plots in the same server."
            }, {
                "price": 500,
                "level": 10,
                "maintenance": 15,
                "desc": "Increases all buildings storage capacity in placed guild by 10%, increases daily generation to 35"
            }, {
                "price": 1000,
                "level": 20,
                "maintenance": 20,
                "desc": "Increases all buildings storage capacity in placed guild by 15%, increases daily generation to 40"
            }, {
                "price": 2000,
                "level": 50,
                "maintenance": 25,
                "desc": "Increases all buildings storage capacity in placed guild by 20%, increases daily generation to 45"
            }, {
                "price": 5000,
                "level": 100,
                "maintenance": 50,
                "desc": "Increases all buildings storage capacity in placed guild by 25%, increases daily generation to 50"
            }
        ]
    }, {
        "id": "gbank",
        "name": "Gacha Bank",
        "price": 500,
        "type": "blueprint",
        "desc": "Provides lemons with daily + claim",
        "fulldesc": "The Gacha Bank stores lemons from when users run daily or claim cards.",
        "levels": [
            {
                "price": 0,
                "level": 15,
                "maintenance": 100,
                "desc": "Gives lemons when a user does daily"
            }, {
                "price": 2000,
                "level": 25,
                "maintenance": 150,
                "desc": "Gives lemons when a user claims cards or does daily"
            }
        ]
    }, {
        "id": "tavern",
        "name": "Tavern",
        "price": 750,
        "type": "blueprint",
        "desc": "Gives lemons with achievements and quests",
        "levels": [
            {
                "price": 0,
                "level": 20,
                "maintenance": 50,
                "desc": "Gives lemons when someone completes an achievement in the guild"
            }, {
                "price": 2000,
                "level": 40,
                "maintenance": 70,
                "desc": "Gives lemons when someone completes a quest or achievement in the guild"
            }
        ]
    }, {
        "id": "smithhub",
        "name": "Smithing Hub",
        "price": 1000,
        "type": "blueprint",
        "desc": "Gives lemons with forge, liq, draw",
        "fulldesc": "The smithing hub provides lemons when users run draw, liq, or forge. Payouts are determined based on building level",
        "levels": [
            {
                "price": 0,
                "level": 3,
                "maintenance": 10,
                "desc": "Gives lemons when people forge cards"
            }, {
                "price": 2500,
                "level": 17,
                "maintenance": 50,
                "desc": "Gives lemons when people forge or liquefy cards"
            }, {
                "price": 5000,
                "level": 33,
                "maintenance": 100,
                "desc": "Gives lemons when people forge, liquefy, or draw  cards"
            }
        ]
    }, {
        "id": "auchouse",
        "name": "Auction House",
        "price": 5000,
        "type": "blueprint",
        "desc": "Passive Auction Income",
        "fulldesc": "Grants lemons for commands related to auctions",
        "levels": [
            {
                "price": 0,
                "level": 3,
                "maintenance": 10,
                "desc": "Gives lemons when someone successfully bids on an auction"
            }, {
                "price": 10000,
                "level": 10,
                "maintenance": 20,
                "desc": "Gives 2x lemons when someone successfully bids on an auction"
            }, {
                "price": 20000,
                "level": 15,
                "maintenance": 50,
                "desc": "Gives 3x lemons when someone successfully bids on an auction"
            }
        ]
    }, {
        "id": "legendticket",
        "name": "Legendary Card Claim Ticket",
        "price": -1,
        "type": "claim_ticket",
        "desc": "gives legendary card",
        "typedesc": "Claim tickets are used to claim cards of certain rarity or collection. They are usually awarded during events or for completing quests and collections",
        "fulldesc": "When used gives you legendary card. The collection is determined when awarded",
        "level": 5
    }, {
        "id": "tohrugift",
        "effectid": "tohrugift",
        "name": "Gift From Tohru",
        "price": 1500,
        "type": "recipe",
        "desc": "3-star every day",
        "typedesc": "Use Effect Card recipes to obtain usable or passive Effect Cards",
        "fulldesc": "When used gives you **Gift From Tohru** effect card. This is a passive item, so make sure you equip it into hero's effect card slot",
        "recipe": [2, 2, 2],
        "lasts": 30
    }, {
        "id": "cakeday",
        "effectid": "cakeday",
        "name": "Cake Day",
        "price": 4000,
        "type": "recipe",
        "desc": "bigger daily for claims",
        "fulldesc": "When used gives you **Cake Day** effect card. This is a passive item, so make sure you equip it into hero's effect card slot",
        "recipe": [2, 2, 2, 2, 2],
        "lasts": 15
    }, {
        "id": "holygrail",
        "effectid": "holygrail",
        "name": "The Holy Grail",
        "price": 7000,
        "type": "recipe",
        "desc": "get more vials",
        "fulldesc": "When used gives you **The Holy Grail** effect card. This is a passive item, so make sure you equip it into hero's effect card slot",
        "recipe": [3, 3, 3],
        "lasts": 5
    }, {
        "id": "skyfriend",
        "effectid": "skyfriend",
        "name": "Skies Of Friendship",
        "price": 5000,
        "type": "recipe",
        "desc": "auction cashback",
        "fulldesc": "When used gives you **Skies Of Friendship** effect card. This is a passive item, so make sure you equip it into hero's effect card slot",
        "recipe": [1, 2, 3, 3],
        "lasts": 40
    }, {
        "id": "cherrybloss",
        "effectid": "cherrybloss",
        "name": "Cherry Blossoms",
        "price": 2000,
        "type": "recipe",
        "desc": "cheaper forge",
        "fulldesc": "When used gives you **Cherry Blossoms** effect card. This is a passive item, so make sure you equip it into hero's effect card slot",
        "recipe": [1, 1, 3, 3],
        "lasts": 15
    }, {
        "id": "onvictory",
        "effectid": "onvictory",
        "name": "Onwards To Victory",
        "price": 600,
        "type": "recipe",
        "desc": "more rank points",
        "fulldesc": "When used gives you **Onwards To Victory** effect card. This is a passive item, so make sure you equip it into hero's effect card slot",
        "recipe": [2, 2, 2, 2, 2, 2],
        "lasts": 10
    }, {
        "id": "rulerjeanne",
        "effectid": "rulerjeanne",
        "name": "The Ruler Jeanne",
        "price": 5000,
        "type": "recipe",
        "desc": "faster daily",
        "fulldesc": "When used gives you **The Ruler Jeanne** effect card. This is a passive item, so make sure you equip it into hero's effect card slot",
        "recipe": [3, 3, 3],
        "lasts": 24
    }, {
        "id": "spellcard",
        "effectid": "spellcard",
        "name": "Impossible Spell Card",
        "price": 7500,
        "type": "recipe",
        "desc": "reduced cooldown",
        "fulldesc": "When used gives you **Impossible Spell Card**. This is a passive item, so make sure you equip it into hero's effect card slot",
        "recipe": [2, 2, 2, 3, 3, 3],
        "lasts": 20
    }, {
        "id": "festivewish",
        "effectid": "festivewish",
        "name": "Festival of Wishes",
        "price": 2500,
        "type": "recipe",
        "desc": "wishlist auc notifications",
        "fulldesc": "When used gives you **Festival of Wishes** effect card. This is a passive item, so make sure you equip it into hero's effect card slot",
        "recipe": [1, 1, 1, 1],
        "lasts": 30
    },

    {
        "id": "enayano",
        "effectid": "enayano",
        "name": "Enlightened Ayano",
        "price": 5500,
        "type": "recipe",
        "desc": "completes quest",
        "fulldesc": "When used gives you **Enlightened Ayano** effect card. This is a usable card",
        "recipe": [1, 1, 1, 2, 2],
        "lasts": 60
    }, {
        "id": "pbocchi",
        "effectid": "pbocchi",
        "name": "Powerful Bocchi",
        "price": 7000,
        "type": "recipe",
        "desc": "get free t1 quest",
        "fulldesc": "When used gives you **Powerful Bocchi** effect card. This is a usable card",
        "recipe": [2, 2, 3, 3],
        "lasts": 20
    }, {
        "id": "spaceunity",
        "effectid": "spaceunity",
        "name": "The Space Unity",
        "price": 4000,
        "type": "recipe",
        "desc": "get free card",
        "fulldesc": "When used gives you **The Space Unity** effect card. This is a usable card",
        "recipe": [2, 2, 3, 3],
        "lasts": 25
    }, {
        "id": "judgeday",
        "effectid": "judgeday",
        "name": "The Judgment Day",
        "price": 3500,
        "type": "recipe",
        "desc": "get any effect",
        "fulldesc": "When used gives you **The Judgment Day** effect card. This is a usable card",
        "recipe": [2, 3, 3, 3],
        "lasts": 12
    }, {
        "id": "claimrecall",
        "effectid": "claimrecall",
        "name": "Claim Recall",
        "price": 6200,
        "type": "recipe",
        "desc": "recalls claims",
        "fulldesc": "When used gives you **Claim Recall** effect card. This is a usable card",
        "recipe": [1, 1, 1, 2, 2, 2],
        "lasts": 28
    }, {
        "id": "memoryxmas",
        "effectid": "memoryxmas",
        "name": "Memories of Christmas Cheer",
        "price": 8000,
        "type": "recipe",
        "desc": "gives free christmas card",
        "fulldesc": "When used gives you **Memories of Christmas Cheer** effect card. This is a usable card",
        "recipe": [3, 3, 3, 3],
        "lasts": 12
    }, {
        "id": "memoryhall",
        "effectid": "memoryhall",
        "name": "Memories of Halloween Frights",
        "price": 8000,
        "type": "recipe",
        "desc": "gives free halloween card",
        "fulldesc": "When used gives you **Memories of Halloween Frights** effect card. This is a usable card",
        "recipe": [3, 3, 3, 3],
        "lasts": 12
    }, {
        "id": "memorybday",
        "effectid": "memorybday",
        "name": "Memories of Birthdays Past",
        "price": 8000,
        "type": "recipe",
        "desc": "gives free birthday card",
        "fulldesc": "When used gives you **Memories of Birthdays Past** effect card. This is a usable card",
        "recipe": [3, 3, 3, 3],
        "lasts": 12
    }, {
        "id": "memoryval",
        "effectid": "memoryval",
        "name": "Memories of Valentines Day",
        "price": 8000,
        "type": "recipe",
        "desc": "gives free valentine card",
        "fulldesc": "When used gives you **Memories of Valentines Day** effect card. This is a usable card",
        "recipe": [3, 3, 3, 3],
        "lasts": 12
    }
]
